AU,Male,Female,Total
500100,66,69,135
500202,903,822,1728
500203,309,279,591
500204,465,393,858
500205,222,216,438
500206,99,78,177
500207,189,189,375
500208,429,384,816
500301,552,513,1065
500302,366,315,684
500401,84,69,153
500402,561,498,1059
500500,30,30,60
500600,69,84,153
500700,72,96,171
500801,327,291,621
500802,444,399,843
500900,1416,1302,2721
501000,198,189,384
501100,456,432,888
501200,195,186,381
501300,105,81,186
501400,237,246,486
501500,249,234,483
501612,84,72,159
501613,3,3,6
501614,654,582,1239
501615,210,195,408
501620,576,504,1077
501631,144,135,282
501632,183,153,339
501633,840,747,1587
501634,450,393,843
501700,621,591,1209
501802,1245,1017,2262
501806,681,549,1230
501807,351,327,678
501809,945,801,1749
501810,342,288,630
501811,537,420,960
501813,..C,..C,..C
501814,996,819,1818
501815,258,180,438
501816,363,318,684
501817,267,231,501
501818,516,483,999
501819,339,315,654
502001,384,306,690
502002,171,144,312
502003,213,201,417
502004,180,147,330
502005,255,213,471
502101,720,669,1389
502102,717,624,1341
502201,594,522,1116
502202,675,618,1296
502300,531,516,1047
502400,270,252,522
502500,63,57,123
502600,303,297,600
502700,501,486,987
502800,375,351,729
502900,402,393,795
503000,324,318,642
503100,57,60,117
503200,219,201,420
503300,252,252,504
503400,312,306,618
503500,336,288,624
503600,510,441,951
503700,309,309,618
503800,591,519,1107
503900,12,6,21
504000,789,786,1578
504100,447,447,894
504300,297,246,543
504400,84,84,165
504501,798,648,1446
504502,495,429,921
504600,954,837,1794
504700,219,168,387
504800,99,78,177
504900,129,102,234
505010,1368,1080,2451
505021,219,168,390
505022,207,189,396
505300,411,318,729
505400,93,84,177
505500,786,672,1458
505601,243,213,459
505602,384,342,723
505603,342,279,624
505604,369,318,687
505605,495,435,933
505700,273,204,477
505803,54,45,99
505804,321,264,585
505805,1536,1371,2910
505806,165,135,303
505807,552,516,1065
505808,948,891,1842
505902,1521,1317,2841
505904,849,726,1575
505906,627,534,1164
505907,702,630,1335
505908,612,555,1167
505909,738,630,1365
505910,537,429,963
505911,6,3,6
506001,132,84,216
506002,237,207,444
506003,258,225,480
506201,237,198,435
506202,24,21,42
506300,660,555,1215
506400,204,162,366
506613,1179,921,2103
506614,1014,879,1893
506616,27,30,54
506620,24,18,42
506631,777,693,1467
506633,129,123,252
506634,72,72,144
506642,375,288,663
506644,141,135,276
506645,189,162,351
506646,621,510,1131
506647,126,99,222
506648,141,126,267
506652,546,489,1035
506653,861,729,1590
506654,312,270,582
506655,162,159,321
506656,168,147,312
506657,90,84,174
506658,111,102,210
506659,69,60,132
506660,765,624,1392
506661,726,618,1347
506800,606,549,1155
506901,1095,954,2049
506902,981,885,1866
506903,1347,1206,2553
507000,1221,1104,2325
507101,1092,966,2055
507102,1320,1185,2505
507200,1431,1287,2718
507300,1272,1170,2442
507400,1473,1347,2823
507500,675,567,1245
507710,840,729,1569
507720,900,885,1785
507800,1359,1206,2568
507900,1071,1020,2094
508010,771,723,1494
508020,1575,1452,3027
508110,894,849,1743
508120,672,597,1272
508210,1197,1077,2277
508220,1002,906,1908
508310,1269,1125,2400
508320,1158,1056,2214
508411,1536,1359,2895
508412,876,834,1710
508420,1920,1620,3540
508510,1386,1266,2655
508520,1800,1647,3444
508610,1353,1311,2667
508620,750,693,1443
508701,624,525,1146
508703,273,240,513
508704,744,702,1446
508803,1497,1398,2895
508804,645,543,1185
508805,372,363,735
508806,792,678,1467
508807,1077,924,2001
508900,228,183,408
509000,645,510,1152
509100,1833,1581,3414
509300,1044,930,1974
509400,1449,1341,2790
509500,726,546,1275
509701,1152,1065,2214
509702,882,834,1716
509800,1179,1113,2295
510010,1305,1218,2523
510020,1281,1164,2448
510210,711,672,1383
510220,1041,1008,2049
510401,1140,1071,2211
510402,1101,978,2079
510500,1197,1080,2277
510700,1194,1077,2271
510800,903,795,1701
511001,714,651,1368
511002,996,939,1935
511100,1659,1449,3105
511301,558,492,1050
511302,546,507,1053
511303,543,459,1005
511401,972,927,1899
511402,993,915,1908
511601,1041,909,1950
511602,702,597,1299
511700,942,804,1749
511800,984,849,1836
511901,819,783,1602
511902,1086,999,2088
512000,966,909,1875
512100,954,852,1803
512201,663,600,1260
512202,1107,987,2094
512300,1143,1032,2172
512401,741,666,1410
512402,957,861,1818
512500,1296,1191,2487
512600,963,858,1821
512700,681,624,1308
512801,696,639,1335
512802,126,102,225
512902,780,714,1491
512903,432,405,837
512904,165,156,318
512905,51,33,87
512906,717,651,1365
513011,660,597,1257
513012,519,459,981
513013,621,555,1173
513020,627,561,1188
513101,261,243,504
513102,303,273,576
513211,486,456,942
513212,486,435,921
513213,582,489,1071
513214,576,504,1080
513220,1515,1371,2886
513301,828,672,1500
513302,1032,921,1953
513410,651,468,1119
513420,498,417,915
513431,408,315,723
513432,573,510,1083
513511,252,237,489
513512,690,618,1305
513521,1158,1047,2205
513522,1431,1257,2691
513530,1443,1308,2751
513610,96,75,171
513621,147,123,270
513622,231,192,423
513631,1221,1086,2310
513632,945,843,1788
513701,240,225,465
513702,534,483,1017
513800,702,621,1323
514000,1206,1140,2343
514101,837,753,1587
514102,1956,1680,3639
514103,1536,1443,2979
514200,438,333,771
514301,498,483,981
514302,294,225,519
514401,1221,1110,2328
514402,1266,1062,2328
514500,1656,1401,3057
514600,1230,1080,2307
514700,1440,1296,2736
514801,1011,921,1932
514802,1056,918,1977
514900,777,774,1548
515001,774,771,1545
515002,1131,1137,2265
515003,357,333,690
515100,1299,1326,2622
515201,873,807,1680
515202,801,780,1584
515301,711,711,1419
515302,1068,1050,2118
515410,1017,1041,2055
515420,1068,1041,2109
515431,768,717,1485
515432,234,216,447
515500,417,411,825
515600,636,573,1209
515700,882,825,1707
515801,858,864,1719
515802,867,810,1677
515901,678,630,1308
515902,1377,1287,2664
516001,372,297,669
516002,918,897,1815
516003,1170,1209,2376
516101,969,885,1854
516102,999,951,1947
516201,951,876,1827
516202,1029,885,1914
516301,1653,1659,3312
516302,1332,1248,2580
516400,1413,1350,2763
516500,1551,1428,2976
516601,858,810,1668
516602,1011,882,1896
516700,1308,1188,2496
516800,1128,918,2043
516900,1404,1323,2727
517001,876,846,1722
517002,576,483,1056
517100,705,642,1344
517201,789,723,1509
517202,75,66,141
517400,546,504,1050
517500,1437,1248,2682
517600,1257,1101,2361
517701,873,864,1737
517702,1197,1053,2253
517703,912,807,1719
517800,1467,1419,2886
517901,732,639,1374
517902,597,516,1113
517903,1077,936,2010
518101,915,798,1713
518102,882,822,1704
518201,1602,1449,3051
518202,732,774,1506
518301,1074,960,2034
518302,1320,1251,2571
518500,1290,1203,2496
518600,1452,1449,2901
518701,1689,1575,3264
518702,1125,1053,2175
518801,645,591,1236
518802,522,414,933
518803,1026,891,1917
518901,1386,1116,2499
518902,1074,981,2055
519001,825,720,1545
519002,996,903,1899
519200,993,975,1968
519300,660,645,1305
519400,1572,1437,3009
519500,198,174,375
519710,852,885,1734
519720,1032,1041,2076
519810,1059,1029,2088
519820,915,813,1728
519900,864,846,1710
520000,867,792,1659
520201,1797,1761,3558
520202,642,582,1221
520301,435,384,822
520302,654,633,1290
520303,762,642,1404
520401,1215,1095,2310
520402,1272,1080,2352
520500,1287,1113,2397
520601,822,726,1548
520602,756,696,1449
520801,1953,1821,3774
520803,..C,..C,..C
520804,..C,..C,..C
520900,21,9,30
521000,216,177,390
521111,264,213,480
521112,168,135,300
521114,63,54,114
521115,63,51,114
521116,129,117,246
521117,249,213,462
521121,705,576,1278
521122,1785,1497,3282
521131,510,414,921
521132,1239,1038,2280
521134,60,54,117
521135,402,312,714
521136,159,156,315
521151,708,621,1326
521152,618,516,1137
521153,693,555,1245
521160,237,204,441
521201,192,183,375
521202,180,141,324
521203,123,87,210
521301,948,813,1764
521302,159,132,291
521501,873,783,1656
521502,1377,1170,2547
521601,738,654,1392
521602,1602,1452,3057
521801,567,402,969
521802,741,510,1248
521803,402,330,729
521901,1101,768,1869
521902,9,6,15
522100,1140,978,2115
522201,1194,1068,2262
522202,975,912,1887
522301,783,723,1509
522302,1197,1035,2235
522400,918,813,1731
522601,1386,1257,2643
522603,534,474,1008
522604,642,588,1230
522605,..C,..C,..C
522711,825,753,1578
522712,1050,969,2022
522721,240,204,444
522722,1017,918,1938
522723,765,627,1392
522730,978,921,1899
522810,1179,1095,2274
522820,873,735,1605
522910,936,810,1749
522920,1020,864,1884
523000,1389,1194,2583
523101,1380,1272,2652
523102,1158,1059,2220
523105,681,639,1323
523106,1383,1224,2607
523107,510,444,954
523109,1047,948,1995
523110,708,627,1332
523112,30,15,42
523113,1248,1143,2391
523114,1242,1125,2370
523115,1191,1044,2238
523116,12,15,24
523201,654,576,1227
523202,564,453,1020
523300,1488,1227,2718
523402,480,408,888
523403,168,132,300
523404,147,138,288
523501,285,222,504
523502,753,660,1416
523601,543,516,1059
523602,651,531,1182
523711,774,642,1413
523712,1308,1191,2496
523713,261,189,450
523721,837,756,1593
523722,1131,936,2067
523813,402,348,750
523814,1290,1197,2490
523816,708,588,1293
523817,411,339,747
523818,192,177,369
523819,213,177,390
523820,1731,1548,3279
523911,678,567,1248
523912,834,660,1491
523920,1269,1086,2352
524001,831,774,1605
524002,1257,1131,2388
524111,576,483,1059
524112,726,639,1362
524121,354,279,633
524122,678,579,1260
524200,1335,1074,2409
524301,1176,1029,2205
524302,918,792,1710
524303,1263,1056,2319
524402,24,18,42
524403,366,330,696
524404,447,357,807
524405,528,435,963
524510,627,540,1167
524520,840,666,1506
524530,942,705,1647
524602,624,552,1176
524603,627,465,1095
524604,123,84,207
524711,597,495,1092
524712,423,360,780
524713,558,483,1044
524720,1206,1014,2217
524811,870,762,1632
524812,996,864,1860
524821,519,420,936
524822,852,705,1560
524901,1263,1125,2388
524902,483,378,858
525001,828,693,1524
525002,465,372,837
525101,1059,876,1935
525102,1734,1566,3297
525201,732,624,1359
525202,270,225,495
525410,441,387,828
525420,537,462,999
525510,306,240,546
525520,687,612,1299
525530,729,633,1362
525540,867,831,1701
525610,1116,945,2064
525620,408,363,768
525630,903,789,1689
525700,627,531,1155
525910,1701,1440,3144
525921,1458,1329,2787
525922,771,651,1419
526103,708,555,1266
526104,825,678,1500
526105,333,288,624
526106,63,60,123
526200,855,696,1548
526400,..C,..C,..C
526500,537,543,1080
526601,1056,864,1920
526602,462,372,837
526603,369,306,675
526701,1083,858,1935
526702,294,234,531
526900,282,240,522
527004,504,435,939
527005,51,54,105
527006,993,942,1932
527007,711,630,1338
527008,855,765,1623
527009,1050,948,1998
527111,582,468,1053
527112,99,78,180
527122,261,216,480
527123,708,555,1263
527124,51,45,96
527125,606,483,1086
527131,1275,1146,2421
527133,495,435,930
527134,63,60,126
527210,543,405,948
527221,282,216,498
527222,87,60,147
527401,462,360,825
527402,924,741,1665
527501,792,705,1494
527502,621,600,1227
527503,183,162,345
527504,783,693,1476
527505,966,900,1866
527600,105,87,192
527700,495,432,927
527810,144,123,267
527820,261,243,507
527912,372,324,699
527913,645,543,1188
527914,627,516,1143
527915,351,288,636
527916,213,171,384
527917,42,39,78
527921,141,120,258
527922,378,327,702
527923,141,108,252
527924,156,141,297
527925,105,93,201
527931,123,111,234
527932,279,213,489
527934,558,432,987
527935,294,234,525
527936,216,186,402
527937,51,48,102
528000,258,186,441
528200,1041,936,1977
528310,1533,1419,2955
528320,729,642,1371
528402,576,528,1107
528403,51,33,81
528405,54,42,99
528406,60,45,102
528501,1131,1023,2154
528503,552,492,1041
528504,690,627,1317
528505,618,597,1212
528601,1035,960,1995
528602,1020,903,1923
528700,837,837,1671
528800,975,924,1902
528900,522,447,969
529000,963,864,1827
529100,1095,1041,2136
529200,1176,1059,2238
529300,1398,1308,2706
529401,765,753,1515
529402,879,771,1650
529501,360,321,681
529502,396,372,765
529503,864,780,1644
529600,660,603,1263
529700,786,642,1428
529800,594,627,1221
529900,633,615,1248
530000,804,813,1617
530100,675,618,1290
530200,888,849,1737
530300,1047,1101,2151
530400,825,795,1617
530500,1158,1080,2235
530600,552,570,1119
530700,885,852,1737
530800,645,636,1284
531001,321,270,591
531002,747,696,1446
531003,639,597,1236
531004,669,639,1308
531100,72,69,144
531200,690,582,1275
531301,504,390,897
531303,126,99,222
531304,1230,834,2064
531500,123,96,222
531600,51,33,84
531710,126,105,231
531720,519,393,915
531731,324,237,561
531732,24,12,36
531800,348,264,615
532000,1020,912,1932
532200,57,48,102
532300,48,42,87
532400,27,33,60
532501,468,369,840
532502,81,57,138
532601,195,150,342
532602,81,57,138
532700,258,201,459
532901,264,237,504
532902,498,459,957
532903,111,105,216
532904,135,99,237
533000,1014,879,1893
533100,369,336,705
533200,1113,933,2046
533300,819,732,1551
533400,288,261,552
533501,552,522,1074
533502,1008,921,1932
533602,162,123,288
533603,906,777,1683
533604,225,198,423
533800,291,231,525
533901,768,603,1371
533902,387,339,726
533903,123,84,207
534100,438,405,840
534200,894,744,1638
534300,882,741,1623
534400,894,789,1683
534500,756,654,1410
534602,93,60,153
534603,786,567,1350
534604,1347,1020,2367
534800,873,768,1641
534901,630,519,1152
534902,1044,900,1944
535000,96,75,171
535100,192,162,357
535211,54,45,99
535212,72,48,123
535220,573,489,1065
535231,246,195,444
535232,306,246,552
535241,750,645,1392
535242,294,252,543
535250,654,504,1155
535261,288,228,519
535262,147,114,258
535310,432,366,801
535320,171,141,312
535330,405,336,747
535340,363,318,681
535350,150,126,276
535360,642,561,1203
535370,426,330,759
535380,45,39,81
535501,621,552,1173
535502,918,801,1722
535600,819,669,1488
535700,132,120,252
535800,696,621,1320
535900,240,201,441
536000,486,402,888
536201,879,741,1620
536202,831,741,1575
536203,309,273,582
536400,156,129,285
536503,702,591,1293
536505,153,126,279
536506,..C,..C,..C
536508,..C,..C,3
536509,..C,..C,..C
536510,..C,..C,..C
536512,93,87,177
536513,819,774,1590
536514,705,630,1335
536515,708,639,1347
536516,861,783,1641
536517,672,594,1266
536611,51,36,87
536613,..C,..C,..C
536614,501,414,918
536615,816,705,1524
536620,1236,1071,2307
536630,1437,1197,2634
536641,189,144,333
536642,627,537,1167
536651,243,183,426
536653,597,462,1059
536654,747,585,1329
536810,1161,1023,2187
536821,1503,1266,2769
536822,21,15,36
536831,1179,1020,2199
536832,1008,906,1914
537000,1218,1092,2310
537100,906,837,1740
537201,870,801,1671
537202,855,852,1707
537301,1227,1095,2322
537302,438,414,852
537400,579,525,1104
537500,732,675,1404
537601,852,840,1692
537602,747,693,1440
537700,513,417,930
537800,201,147,348
537900,1266,1164,2427
538000,663,636,1299
538101,378,360,735
538102,963,990,1953
538201,534,483,1020
538202,6,0,6
538301,354,330,684
538302,753,696,1455
538303,762,705,1467
538501,750,603,1356
538502,948,846,1794
538601,684,645,1326
538602,288,282,570
538721,75,66,141
538722,135,117,252
538731,165,135,300
538732,879,804,1683
538741,798,756,1554
538742,453,435,888
538811,741,633,1377
538812,..C,..C,..C
538820,711,627,1335
538831,87,66,153
538832,420,381,801
538841,417,312,729
538842,153,111,264
538850,537,420,957
538861,39,33,69
538863,216,186,402
538864,165,132,297
539000,240,234,471
539100,783,720,1503
539200,468,462,930
539310,459,459,918
539320,699,681,1383
539400,555,501,1059
539500,510,480,987
539600,270,234,504
539700,318,312,630
539800,381,393,777
539900,345,354,696
540000,1155,1113,2268
540100,432,423,852
540200,372,366,735
540300,66,54,120
540410,261,204,462
540420,390,393,780
540510,477,522,999
540520,474,441,912
540600,300,294,594
540700,75,69,141
540900,162,153,315
541000,753,708,1461
541311,366,297,666
541312,168,114,279
541313,66,51,120
541315,3,3,6
541316,105,90,192
541317,171,141,312
541318,24,24,45
541319,357,309,666
541320,477,312,789
541333,90,75,168
541334,54,36,87
541335,603,528,1134
541342,60,36,96
541344,162,132,294
541345,99,99,198
541346,102,75,177
541347,78,66,144
541348,42,48,90
541501,66,18,84
541502,..C,..C,..C
541503,15,15,30
541710,387,330,720
541720,939,837,1776
541730,1107,1020,2127
541740,957,900,1854
541750,471,450,924
541760,606,567,1170
541900,762,693,1455
542000,144,111,252
542100,99,114,216
542200,384,312,693
542300,90,75,165
542410,669,657,1323
542421,255,234,489
542422,633,612,1242
542430,591,606,1194
542440,987,930,1914
542511,102,102,204
542513,..C,..C,..C
542514,30,27,57
542520,129,102,234
542530,1143,921,2064
542540,414,351,768
542550,348,261,609
542561,117,96,213
542562,444,387,831
542600,1302,1110,2409
542700,255,255,510
542800,699,690,1392
542901,51,57,108
542903,216,210,426
542904,66,42,111
542905,..C,..C,..C
542906,723,603,1329
543301,504,354,861
543302,117,99,213
543303,78,75,153
543601,474,345,822
543602,117,96,210
543800,93,84,174
543901,324,243,567
543902,141,126,267
543903,459,411,870
544001,567,465,1029
544002,663,516,1179
544003,168,147,315
544004,153,147,300
544200,981,903,1884
544300,879,849,1731
544400,522,477,999
544500,969,945,1911
544600,723,651,1374
544701,471,456,927
544702,453,399,852
544801,525,471,999
544802,444,438,882
544900,396,360,756
545201,51,39,90
545202,81,66,147
545204,234,147,381
545205,105,63,168
545206,..C,..C,..C
545301,183,132,318
545302,222,171,390
545303,75,57,132
545304,174,129,303
545500,966,825,1788
545611,558,474,1032
545621,243,204,447
545631,369,327,699
545632,99,84,180
545710,306,261,564
545721,294,249,537
545722,237,198,432
545730,432,387,822
545740,660,615,1278
545750,174,135,309
545761,156,120,276
545762,294,255,552
545811,228,171,399
545812,192,171,360
545821,831,651,1485
545822,102,102,204
545831,114,93,207
545832,180,153,333
545841,366,315,684
545842,303,216,519
545851,429,354,780
545852,213,183,396
545860,312,255,567
545911,204,135,339
545912,135,84,219
545913,90,57,147
546100,309,294,606
546200,231,201,432
546300,306,291,597
546400,63,18,78
546500,930,834,1764
546600,1068,1044,2112
546700,657,504,1161
546801,888,801,1689
546802,831,789,1617
546901,609,588,1197
546902,645,591,1239
547001,648,609,1260
547002,705,672,1374
547100,1593,1533,3126
547200,1314,1251,2565
547300,1380,1275,2655
547400,912,822,1734
547600,876,855,1731
547700,696,657,1353
547800,396,375,771
547900,1041,930,1968
548000,1014,957,1971
548100,789,777,1569
548200,696,672,1371
548300,1059,969,2028
548400,12,12,21
548500,387,336,726
548611,543,516,1059
548612,573,543,1116
548620,816,747,1560
548810,351,309,660
548821,780,744,1524
548822,231,186,414
548831,741,726,1467
548832,834,756,1593
548833,291,261,546
549000,117,126,246
549100,516,474,990
549200,900,672,1572
549400,147,108,255
549500,1050,912,1962
549601,66,45,111
549602,1032,789,1818
549800,1137,849,1986
549901,195,120,315
549902,..C,..C,3
550101,597,534,1131
550102,717,651,1368
550200,363,255,621
550500,357,294,651
550600,114,87,201
550700,567,444,1008
550800,366,324,690
550901,1038,924,1965
550902,87,54,144
551012,231,201,432
551013,102,90,192
551014,234,192,426
551021,219,183,402
551022,672,618,1293
551023,234,219,453
551024,426,417,840
551030,135,120,258
551111,582,486,1068
551112,741,615,1353
551120,117,114,234
551301,768,663,1431
551302,564,504,1068
551400,852,708,1560
551501,540,525,1065
551502,540,480,1017
551503,441,408,852
551600,417,381,798
551700,774,765,1539
551800,216,171,384
551900,483,477,960
552001,231,225,456
552002,369,354,723
552100,912,840,1752
552200,447,402,849
552300,657,627,1287
552400,888,834,1719
552500,1212,1110,2325
552701,147,126,270
552702,825,645,1467
552800,777,660,1437
552900,72,45,117
553001,54,36,87
553002,267,201,468
553003,378,312,693
553004,396,303,699
553101,753,642,1392
553102,504,453,957
553200,321,267,591
553301,69,57,123
553302,801,609,1410
553400,93,78,168
553500,543,417,960
553601,495,417,912
553700,435,315,753
553800,210,195,405
553900,249,198,447
554010,1026,867,1893
554020,978,780,1758
554111,183,129,312
554113,183,150,330
554114,117,105,222
554115,189,162,351
554120,171,141,312
554130,174,132,306
554300,18,12,33
554400,300,234,534
554500,276,201,480
554700,213,186,402
554800,183,141,324
554900,435,303,738
555000,351,267,618
555100,264,189,453
555200,258,243,498
555300,459,390,846
555400,426,354,780
555700,456,411,867
555800,255,237,489
555900,201,204,402
556000,42,45,87
556100,423,396,819
556200,738,633,1371
556300,273,267,543
556400,282,255,537
556500,327,336,663
556600,420,426,843
556700,282,270,549
556800,471,420,891
556900,261,273,537
557000,72,75,147
557100,114,93,210
557200,516,489,1005
557300,387,360,747
557400,471,411,885
557500,462,426,891
557600,384,345,729
557700,477,477,957
557800,198,189,387
557900,429,411,840
558100,87,90,177
558200,123,99,222
558300,645,468,1110
558500,630,288,918
558600,48,48,93
558700,117,90,204
558800,57,72,132
558900,474,387,864
559000,12,6,21
559210,240,168,408
559220,657,498,1155
559230,822,669,1491
559240,18,18,36
559400,492,447,939
559500,1050,975,2028
559700,441,369,813
560000,363,300,660
560200,678,654,1335
560301,231,177,408
560302,243,216,459
560411,48,42,87
560412,159,120,276
560421,141,108,249
560422,720,609,1326
560710,909,837,1749
560720,942,831,1770
560730,660,609,1269
560740,729,675,1401
560900,135,120,255
561000,171,126,297
561100,45,54,102
561200,108,90,198
561300,372,327,699
561410,93,78,171
561421,129,45,174
561422,1035,819,1854
561500,270,222,495
561700,561,477,1041
561811,270,231,501
561812,162,156,315
561813,99,114,213
561820,795,324,1119
561901,624,519,1143
561902,537,429,966
562100,1479,1425,2901
562200,1383,1257,2643
562310,1416,1263,2676
562320,537,525,1059
562401,723,702,1428
562402,720,726,1446
562500,1275,1239,2514
562600,762,777,1542
562710,675,612,1284
562720,1026,1005,2031
562800,822,729,1554
562910,813,777,1587
562921,435,384,819
562922,879,858,1737
563000,1206,1161,2367
563101,1113,1134,2247
563102,468,438,906
563200,1284,1305,2589
563300,888,864,1752
563500,285,228,510
563600,135,138,276
563701,693,618,1311
563703,453,429,882
563704,72,69,141
563705,381,351,732
563706,591,570,1158
563801,153,117,270
563802,165,135,300
563920,150,141,291
564011,204,180,387
564012,444,393,837
564013,195,189,387
564021,915,810,1722
564022,429,363,789
564023,195,189,387
564210,768,771,1542
564220,522,489,1011
564231,636,621,1260
564232,291,270,561
564240,840,822,1662
564400,1059,1122,2181
564510,321,291,612
564520,330,69,399
564530,828,690,1518
564601,63,63,126
564602,234,192,426
564800,894,780,1674
564900,771,684,1458
565000,495,444,936
565100,624,549,1173
565200,618,558,1173
565300,807,711,1518
565400,177,141,321
565601,294,255,546
565602,1002,909,1911
565603,30,30,60
565604,366,342,711
565700,45,42,87
565901,735,708,1443
565902,327,279,603
565903,1050,1008,2058
566000,1779,1575,3357
566101,990,996,1986
566102,930,882,1812
566200,414,438,852
566301,..C,..C,3
566302,255,201,459
566500,291,255,546
566610,189,159,348
566620,738,705,1443
566700,639,582,1221
566800,657,540,1197
566900,840,729,1569
567000,540,456,996
567100,90,72,162
567200,39,36,72
567300,585,531,1116
567400,756,678,1434
567500,597,513,1110
567600,528,441,969
567700,687,636,1326
567800,1008,885,1893
567901,111,78,189
567902,426,378,807
568101,852,801,1650
568102,561,474,1035
568103,510,447,957
568104,489,456,945
568201,594,507,1101
568202,663,594,1257
568301,540,525,1068
568302,1041,918,1959
568303,828,780,1608
568401,534,522,1059
568402,597,582,1179
568501,846,747,1593
568502,753,744,1494
568601,243,249,495
568602,1122,1083,2208
568701,357,363,714
568702,657,660,1314
568800,18,15,33
568900,387,333,720
569001,366,336,702
569002,102,117,219
569100,972,888,1860
569201,207,159,366
569202,576,492,1068
569301,699,630,1329
569302,1125,1002,2127
569401,384,333,714
569402,801,732,1533
569500,849,762,1608
569600,96,84,183
569800,426,390,813
569900,303,231,534
570000,672,627,1299
570100,930,891,1821
570300,1347,1221,2565
570400,534,540,1074
570500,456,474,930
570600,675,699,1374
570700,468,468,939
570800,75,48,123
570900,447,393,840
571000,363,345,708
571100,534,501,1032
571200,291,264,552
571300,600,549,1149
571400,729,609,1338
571501,720,636,1356
571502,42,33,75
571600,603,585,1191
571800,492,456,948
571900,630,597,1224
572000,702,648,1350
572100,702,708,1407
572200,849,762,1611
572300,..C,..C,..C
572500,951,867,1818
572600,1098,1041,2139
572701,984,915,1899
572702,420,390,813
572900,1407,1386,2793
573000,1401,1326,2727
573101,1521,1422,2943
573102,9,6,12
573200,1167,1152,2319
573300,1404,1440,2844
573400,1875,1920,3792
573511,102,108,207
573513,726,627,1353
573514,870,870,1740
573522,90,78,168
573523,309,273,582
573524,183,159,342
573525,63,57,120
573526,57,54,111
573600,531,513,1044
573700,936,885,1824
573801,309,279,588
573802,273,252,525
573901,498,435,936
573902,297,318,618
573903,732,711,1440
574001,1014,939,1953
574002,9,9,15
574100,894,807,1698
574200,825,714,1536
574302,1077,966,2040
574303,..C,..C,..C
574304,687,642,1329
574401,918,894,1815
574402,888,861,1752
574500,24,21,48
574600,1131,1032,2160
574701,435,426,861
574702,570,594,1167
574703,267,255,525
574800,663,672,1332
574900,1164,1110,2277
575000,951,870,1821
575100,1080,1050,2130
575200,849,816,1665
575300,1083,1062,2145
575400,153,159,315
575500,201,174,372
575600,1209,1236,2445
575701,333,339,672
575702,270,246,516
575800,675,660,1335
575901,282,273,555
575902,486,420,903
576001,942,915,1860
576002,936,957,1893
576100,1050,1032,2082
576200,615,654,1269
576301,804,846,1647
576302,255,261,516
576400,1194,1284,2478
576500,255,261,519
576600,363,333,696
576700,567,534,1101
576800,1452,1452,2904
576901,753,792,1545
576903,900,921,1821
576904,..C,..C,6
577000,801,831,1629
577101,180,165,345
577102,900,855,1755
577200,891,783,1674
577301,675,657,1329
577302,594,594,1191
577400,438,354,792
577500,576,528,1104
577601,411,366,777
577602,99,81,180
577700,240,207,447
577900,540,399,936
578000,633,555,1191
578100,99,78,180
578200,360,255,618
578301,180,168,348
578302,411,354,768
578401,468,399,867
578402,552,420,972
578600,132,111,243
578700,699,702,1401
578800,753,621,1371
578901,561,513,1074
578902,711,639,1350
579000,339,303,642
579100,72,60,129
579200,933,840,1773
579400,102,75,180
579501,366,300,669
579502,477,408,885
579700,1002,885,1890
579802,150,102,255
579803,885,687,1569
579804,..C,..C,..C
579900,498,498,999
580000,555,486,1038
580100,351,330,681
580200,144,126,267
580300,573,447,1017
580410,330,132,462
580420,285,234,522
580431,405,324,732
580432,156,126,282
580442,330,285,615
580445,12,6,18
580446,948,792,1737
580447,132,108,237
580448,333,285,615
580449,399,348,747
580450,498,399,894
580451,72,51,126
580452,102,87,183
580600,..C,..C,3
580801,336,255,591
580802,159,108,267
580900,..C,..C,..C
581100,774,672,1443
581210,1017,939,1959
581220,789,639,1428
581230,774,651,1425
581240,1116,993,2109
581250,1341,1233,2574
581260,1296,1176,2472
581400,609,594,1203
581500,438,396,831
581601,972,885,1857
581602,318,270,585
581713,126,117,243
581715,372,339,708
581717,171,147,318
581720,360,285,645
581721,..C,..C,..C
581722,..C,..C,..C
581723,435,399,834
581724,30,24,54
581725,..C,..C,..C
581726,249,189,441
581811,21,15,39
581812,264,219,480
581822,537,420,957
581823,501,411,909
581825,498,465,963
581831,..C,..C,..C
581832,228,198,423
581833,1143,939,2079
581834,..C,..C,3
581835,..C,..C,3
581836,1554,1338,2889
581841,300,210,513
581842,207,168,372
581843,156,132,288
581844,111,75,189
581850,264,228,489
582000,309,312,624
582100,630,618,1248
582200,36,24,60
582300,636,609,1248
582401,402,369,771
582402,762,687,1449
582500,105,108,213
582600,147,156,303
582700,234,204,441
582800,432,423,855
582900,336,318,651
583000,570,474,1044
583100,648,591,1239
583201,411,369,780
583202,387,381,768
583300,561,495,1059
583400,327,294,618
583500,225,201,426
583600,189,171,357
583700,897,783,1683
583800,597,564,1161
583900,603,579,1182
584000,810,768,1575
584201,1470,1332,2802
584202,1605,1392,3000
584301,933,825,1758
584303,891,849,1740
584304,..C,..C,..C
584305,..C,..C,..C
584402,120,90,207
584403,36,39,75
584404,42,42,81
584405,174,138,312
584407,57,48,105
584408,42,30,75
584409,132,93,228
584410,372,306,681
584411,81,72,156
584412,45,30,72
584500,954,834,1788
584600,237,192,432
584701,93,81,177
584702,114,72,189
584703,57,45,105
584800,273,273,546
584911,90,69,159
584912,357,300,660
584922,72,60,135
584923,30,27,54
584930,183,153,336
584931,78,63,141
584932,18,15,33
584933,54,39,96
584934,27,24,48
584935,87,72,159
584936,63,60,120
584937,96,87,180
584938,114,84,198
584939,84,69,156
584940,87,36,126
585000,342,270,612
585110,456,378,834
585120,273,231,501
585130,183,165,348
585140,810,675,1485
585306,78,72,150
585307,141,123,258
585309,87,72,162
585311,117,102,216
585312,165,141,306
585313,111,111,222
585314,48,36,84
585315,21,15,36
585316,147,126,273
585317,240,192,429
585318,177,138,318
585319,12,15,24
585320,36,24,63
585321,153,99,252
585322,24,18,45
585323,15,12,27
585324,15,18,30
585325,78,75,153
585400,789,792,1581
585502,216,192,411
585504,123,99,225
585505,63,39,105
585506,510,378,888
585601,288,225,513
585602,93,81,177
585700,795,636,1431
585802,312,261,573
585803,732,645,1377
585805,180,141,324
585806,144,114,258
585807,456,402,858
585808,279,219,504
586001,6,0,9
586002,183,168,351
586112,237,213,450
586114,120,102,225
586115,105,90,195
586120,705,627,1332
586121,393,321,714
586122,84,66,150
586124,9,9,18
586126,114,99,213
586127,153,123,276
586128,9,6,15
586129,306,258,564
586130,21,27,45
586303,405,327,729
586304,201,156,357
586305,444,399,840
586306,804,675,1482
586307,699,582,1281
586308,483,411,897
586403,561,483,1041
586404,543,501,1041
586405,240,213,450
586407,609,525,1131
586408,333,285,615
586409,237,195,432
586501,348,285,627
586503,270,228,498
586504,15,6,24
586603,588,498,1086
586604,279,240,516
586605,336,282,621
586606,237,198,438
586801,390,306,696
586802,393,339,732
586900,447,381,828
587010,906,762,1665
587020,546,246,792
587100,858,687,1548
587302,657,603,1260
587303,741,660,1401
587304,954,849,1803
587400,834,711,1548
587500,1347,1203,2553
587701,1413,1191,2604
587702,774,651,1425
587811,204,174,378
587812,591,621,1209
587821,303,108,408
587822,453,435,888
587830,831,669,1500
587842,168,129,297
587844,432,378,810
587845,351,333,678
587846,387,348,732
587847,195,168,363
587848,546,498,1044
587849,369,324,693
587902,84,60,144
587903,120,111,228
587904,1746,1512,3261
587905,120,105,228
588101,1128,1062,2190
588102,774,708,1482
588200,840,744,1587
588300,546,510,1053
588401,708,633,1341
588402,900,804,1704
588500,1242,1134,2376
588600,924,765,1689
588700,627,576,1206
588800,792,729,1524
588900,618,540,1161
589000,444,429,870
589100,546,474,1020
589200,792,732,1524
589300,615,516,1128
589400,720,660,1383
589500,453,402,855
589601,801,777,1575
589602,390,357,747
589700,729,651,1380
589800,795,747,1542
589900,933,882,1815
590000,891,888,1776
590100,612,591,1203
590200,561,462,1023
590300,306,273,582
590400,1128,981,2109
590501,1122,1017,2139
590504,303,261,564
590505,687,618,1308
590506,258,234,492
590507,63,45,111
590602,1356,1248,2601
590603,849,750,1599
590604,813,657,1470
590701,636,579,1215
590702,633,540,1173
590800,924,936,1863
590900,156,126,282
591101,915,756,1668
591102,1107,1014,2121
591200,441,396,834
591300,582,528,1107
591500,381,258,639
591600,486,432,915
591700,1467,1266,2730
591800,588,549,1137
591900,861,867,1728
592000,1362,1278,2643
592100,1023,960,1986
592200,801,879,1677
592300,1347,1350,2700
592401,768,792,1563
592402,1404,1431,2835
592500,834,822,1653
592600,1137,1152,2289
592701,903,825,1731
592702,807,693,1497
592811,783,747,1527
592812,864,858,1725
592820,774,759,1533
592900,1197,1086,2283
593000,759,633,1392
593100,993,795,1788
593200,786,753,1539
593300,654,606,1260
593400,813,753,1566
593501,1245,1059,2304
593502,921,804,1725
593600,642,573,1218
593700,459,408,870
593800,1017,912,1926
593900,708,690,1395
594010,825,726,1548
594020,750,669,1419
594100,642,528,1170
594200,885,819,1701
594300,888,798,1683
594400,1203,1110,2316
594500,315,261,573
594600,1431,1425,2856
594700,855,759,1614
594800,1416,1311,2727
594900,759,693,1449
595000,930,924,1854
595100,768,735,1503
595200,552,549,1104
595300,1173,1071,2244
595400,978,936,1914
595500,639,627,1269
595600,1242,1125,2364
595700,1215,1113,2328
595800,648,594,1239
595900,1011,1020,2031
596000,1194,1119,2316
596101,..C,..C,..C
596102,969,909,1878
596200,1107,978,2088
596400,924,849,1770
596502,345,351,693
596503,270,222,495
596504,..C,..C,..C
596600,27,18,45
596800,141,168,306
596901,219,192,411
596902,120,99,219
597000,213,153,363
597101,315,255,573
597102,..C,..C,..C
597200,702,618,1320
597300,369,315,684
597400,231,147,375
597503,144,114,258
597505,..C,..C,..C
597506,1194,888,2082
597507,159,147,309
597508,675,585,1263
597509,330,297,627
597510,126,120,249
597512,810,681,1491
597513,159,144,300
597600,450,342,792
597712,183,153,336
597713,78,69,144
597714,234,177,411
597715,129,99,225
597720,798,618,1416
597730,1368,990,2355
597741,765,570,1335
597742,267,216,480
597811,537,426,963
597812,1023,861,1884
597820,243,216,456
597830,396,354,747
597840,402,342,741
597850,702,528,1230
597860,846,687,1536
598000,72,57,132
598201,186,141,327
598202,198,144,339
598311,24,15,39
598312,1251,1014,2265
598313,1203,957,2163
598314,120,72,192
598320,327,243,567
598500,561,483,1047
598600,996,816,1812
598700,279,216,495
598800,324,246,570
598900,885,768,1653
599000,270,231,504
599100,849,831,1683
599200,411,357,768
599300,561,480,1038
599400,696,666,1362
599500,630,576,1206
599600,612,501,1113
599700,600,510,1107
599800,405,342,747
599900,21,15,36
600100,306,267,570
600200,192,174,363
600312,81,75,156
600320,108,99,207
600321,..C,..C,..C
600322,..C,..C,..C
600323,516,381,894
600410,1347,1032,2382
600420,48,42,93
600500,546,492,1035
600600,213,177,387
600811,60,45,105
600812,153,135,288
600813,84,75,156
600822,30,33,63
600824,84,87,174
600826,1167,960,2127
600827,87,63,153
600828,114,99,213
600830,57,39,96
600831,228,168,393
600832,..C,..C,3
600840,69,54,123
601010,723,630,1356
601020,549,531,1083
601030,597,528,1128
601040,708,651,1362
601200,192,144,339
601301,219,174,393
601302,24,18,39
601400,261,237,495
601500,69,63,132
601602,144,120,264
601603,360,330,690
601604,78,81,159
601605,117,108,225
601700,33,27,57
601900,672,618,1290
602000,417,375,792
602100,159,138,294
602200,192,183,372
602300,54,36,90
602411,90,90,177
602412,333,285,621
602421,156,150,306
602422,204,183,390
602500,816,705,1518
602600,153,108,261
602800,12,6,18
602900,525,474,999
603000,669,663,1329
603100,531,609,1143
603210,330,315,645
603220,219,195,414
603300,996,978,1971
603400,603,585,1188
603500,180,174,354
603601,480,591,1068
603602,507,687,1194
603710,498,471,969
603720,174,165,339
603810,201,174,375
603820,279,273,549
603910,774,801,1578
603920,468,462,933
603930,837,762,1602
604010,462,444,906
604020,621,591,1212
604110,924,900,1824
604120,486,468,954
604130,513,519,1032
604210,1308,1188,2496
604221,132,120,252
604222,225,243,465
604300,..C,..C,..C
604410,447,495,942
604420,231,246,477
604500,1038,969,2010
604611,708,672,1377
604612,717,678,1395
604620,1155,1074,2232
604710,204,207,414
604720,360,336,696
604810,282,264,546
604821,81,78,159
604822,315,327,639
604830,297,321,618
604901,132,132,264
604902,60,54,114
605100,342,300,645
605200,321,321,642
605400,498,498,999
605500,405,408,810
605600,600,585,1185
605800,678,636,1314
605910,501,453,951
605920,543,522,1062
606100,846,807,1656
606210,606,561,1164
606220,426,357,783
606300,591,525,1116
606500,33,21,57
606600,93,75,168
606700,885,699,1581
606800,483,378,861
606900,225,174,396
607000,72,63,132
607100,63,54,117
607200,96,75,168
607300,1098,831,1929
607400,1137,912,2049
607501,351,279,630
607502,597,438,1035
607600,204,156,360
607700,120,105,228
607800,162,141,300
607900,195,147,342
608000,336,249,585
608100,30,30,63
608302,1266,1062,2331
608303,261,231,495
608304,525,441,969
608305,..C,..C,..C
608500,1284,1149,2430
608600,1140,888,2025
608700,594,516,1110
608800,1695,1419,3117
609011,54,45,99
609013,96,78,177
609014,75,51,126
609022,324,252,576
609023,894,720,1614
609027,3,3,6
609028,78,63,144
609029,138,96,234
609030,..C,..C,..C
609031,159,129,285
609032,294,237,531
609033,120,96,219
609034,198,180,381
609035,63,51,111
609200,696,600,1296
609302,1194,1002,2196
609303,153,132,285
609304,687,606,1299
609400,45,33,78
609500,114,78,195
609600,117,84,204
609700,147,111,258
609800,138,117,255
609911,93,81,174
609912,420,333,753
609913,51,39,93
609914,207,168,375
609921,63,57,120
609922,789,651,1437
610010,177,147,324
610020,558,396,954
610031,177,135,309
610032,561,423,981
610033,294,237,528
610040,933,714,1647
610051,639,495,1134
610052,150,117,267
610061,525,423,951
610062,150,147,297
610072,591,444,1032
610073,99,69,162
610074,243,195,441
610075,..C,..C,..C
610080,540,417,960
610090,195,147,342
610210,456,402,858
610220,411,324,732
610230,177,168,348
610240,771,696,1473
610250,198,165,363
610400,426,321,747
610500,570,456,1023
610601,942,810,1752
610602,534,453,990
610700,1092,1014,2109
610800,1062,933,1995
610900,798,786,1587
611001,606,534,1137
611002,618,534,1152
611100,771,735,1512
611210,171,156,327
611220,384,294,678
611300,33,27,60
611400,534,519,1053
611500,735,666,1398
611601,714,642,1356
611602,558,513,1071
611700,402,348,750
611800,870,771,1644
611900,69,63,135
612100,462,393,855
612200,90,60,153
612300,81,57,138
612400,636,597,1233
612500,165,123,288
612600,201,153,357
612712,105,81,186
612713,78,60,135
612714,477,360,840
612715,..C,..C,3
612720,327,225,549
612730,432,324,753
612740,606,483,1089
612801,114,99,213
612802,276,261,540
612901,9,3,9
612902,..C,..C,..C
612903,..C,..C,..C
613000,150,111,258
614001,..C,..C,..C
614002,6,0,6
614502,..C,..C,3
614503,..C,..C,..C
614504,6,3,12
614601,..C,..C,..C
614602,..C,..C,..C
614700,..C,..C,3
614800,..C,..C,..C
615101,..C,..C,3
615102,9,0,9
615301,..C,..C,3
615302,..C,..C,..C
615800,..C,..C,..C
615900,..C,..C,..C
616001,3,0,6
616002,..C,..C,3
616100,..C,..C,..C
616200,..C,..C,..C
616300,..C,..C,..C
616400,..C,..C,..C
617000,..C,..C,..C
617101,..C,..C,..C
617102,..C,..C,..C
617200,..C,..C,..C
617400,..C,..C,..C
617501,..C,..C,3
617502,..C,..C,..C
617503,..C,..C,..C
617602,..C,..C,..C
617604,..C,..C,..C
617605,..C,..C,..C
617606,..C,..C,..C
617702,..C,..C,..C
617703,6,3,6
617704,..C,..C,..C
617800,..C,..C,..C
617901,60,39,102
617902,..C,..C,..C
617903,9,12,21
618300,..C,..C,..C
618400,9,3,12
618500,..C,..C,..C
619000,..C,..C,..C
619101,..C,..C,..C
619102,..C,..C,..C
619201,..C,..C,..C
619202,..C,..C,..C
619301,..C,..C,..C
619302,3,6,12
619303,..C,..C,..C
619400,..C,..C,..C
619500,..C,..C,..C
619701,..C,..C,..C
619702,..C,..C,..C
619900,..C,..C,..C
620000,..C,..C,..C
620400,9,6,15
620901,15,0,15
620903,..C,..C,..C
620904,..C,..C,..C
621401,..C,..C,..C
621402,18,0,18
621500,..C,..C,..C
622000,..C,..C,..C
622101,12,0,12
622102,9,3,9
622201,9,3,12
622202,..C,..C,..C
622700,..C,..C,..C
623801,..C,..C,..C
623803,..C,..C,..C
623804,..C,..C,..C
623805,6,0,6
623806,..C,..C,..C
623900,..C,..C,..C
624100,..C,..C,..C
624600,..C,..C,..C
625101,9,0,9
625102,..C,..C,..C
625103,..C,..C,..C
625200,..C,..C,..C
625300,..C,..C,..C
625800,..C,..C,6
625901,..C,..C,..C
625902,..C,..C,..C
626000,..C,..C,..C
626100,..C,..C,3
626500,..C,..C,..C
626601,..C,..C,..C
626602,..C,..C,..C
626700,..C,..C,..C
626801,..C,..C,..C
626802,..C,..C,..C
626900,..C,..C,..C
627000,..C,..C,..C
627201,..C,..C,..C
627203,..C,..C,..C
627204,..C,..C,..C
Total,1049766,936009,1985775
